path_name,size
/404,10562
/500,8921
/anthem-bg.mp4,11160126
/apple-icon.png,2626
/cosmic-void.png,891158
/earth0-key.png,1356579
/gold-orb.png,1048940
/icon-dark-32x32.png,585
/icon-light-32x32.png,566
/icon.svg,1304
/jagaranmantra.mp3,4963541
/lens-core.png,1170993
/palm-leaf.png,1203583
/placeholder-logo.png,568
/placeholder-logo.svg,3208
/placeholder-user.jpg,1635
/placeholder.jpg,1064
/placeholder.svg,3253
/_next/static/-KFGwqPw9XXz7YfY2HVwu/_buildManifest.js,219
/_next/static/-KFGwqPw9XXz7YfY2HVwu/_clientMiddlewareManifest.js,96
/_next/static/-KFGwqPw9XXz7YfY2HVwu/_ssgManifest.js,80
/_next/static/chunks/0-72z2dfjnv13.css,113789
/_next/static/chunks/03~yq9q893hmn.js,112594
/_next/static/chunks/084mzd~0-rii3.js,147875
/_next/static/chunks/0bgbh~zengk6x.js,204876
/_next/static/chunks/0dbns6mx.e.ls.js,53135
/_next/static/chunks/0jdah9p5of~i~.js,57903
/_next/static/chunks/0ni-8dyxk08xj.js,227535
/_next/static/chunks/0upze_l9t12l1.js,17564
/_next/static/chunks/1436m04qw.vl-.js,3061
/_next/static/chunks/turbopack-051q.vmo0fzix.js,11019
/_next/static/media/01e4147cff8141ee-s.p.10ked.7w885.g.woff2,37776
/_next/static/media/130b5bec7367fe75-s.p.0q2wrlgna7.s-.woff2,93960
/_next/static/media/1f9e983605289f29-s.0~7_67muh398v.woff2,33740
/_next/static/media/41931bcfb0882149-s.p.09y1w_lz87hgk.woff2,54712
/_next/static/media/41c4c4fa85b44ce7-s.0zu04_68vefbg.woff2,14248
/_next/static/media/53b9e256198e5412-s.0-wfv7uh4i7h9.woff2,7968
/_next/static/media/6835223d91b5eb8f-s.00d826.jmdee7.woff2,19732
/_next/static/media/6ea8d1bb8ea4af7a-s.p.0h.y3vqusyrtt.woff2,107884
/_next/static/media/70c15719a04fff13-s.0-9xpd5_xx5h9.woff2,25652
/_next/static/media/7178b3e590c64307-s.0nx0ww8fni_q3.woff2,16540
/_next/static/media/8a480f0b521d4e75-s.0jzbimsg8vl84.woff2,14900
/_next/static/media/94f70e70d6454b77-s.0a.wkxttyst6d.woff2,10472
/_next/static/media/98eb7e876a4b794d-s.16ea6w~hv01wx.woff2,9404
/_next/static/media/9cc5c0547f229dea-s.00b2_ptq3xnpy.woff2,23408
/_next/static/media/b0947914c9718a1e-s.0l.9lak812di~.woff2,21132
/_next/static/media/b226357e33efa2af-s.0c.2kvc3uyhw9.woff2,19744
/_next/static/media/c389de3e93f2f431-s.115zoh22xptp7.woff2,13608
/_next/static/media/caa3a2e1cccd8315-s.p.09~u27dqhyhd6.woff2,29288
/_next/static/media/cf31121fc8910667-s.0bfi0~oxttof5.woff2,8908
/_next/static/media/d0b60be57f16ee32-s.0m2lc_66fsc~9.woff2,11264
/_next/static/media/fef07dbb0973bf53-s.12tyk43_3sh9u.woff2,7252
/_next/static/not-found.txt,9
/,643620
/_global-error,643620